{
  "notes": [
    {
      "id": 1,
      "content": "custom hooks are awesome"
    },
    {
      "id": 2,
      "content": "best feature ever <3"
    },
    {
      "content": "test note",
      "id": 3
    },
    {
      "content": "test note2",
      "id": 4
    }
  ],
  "persons": [
    {
      "id": 1,
      "name": "Matti Luukkainen",
      "number": "040-12344565"
    },
    {
      "id": 2,
      "name": "Tarja Halonen",
      "number": "040-2223334"
    },
    {
      "name": "Ada Lovelace",
      "number": "22-124124",
      "id": 3
    },
    {
      "name": "Arto Hellas",
      "number": "123456",
      "id": 4
    }
  ]
}